"","V1","V2","V3","V4"
"result.1",0.870012449253593,0.997300627333808,0.991914283033475,0.794388270116443
"result.2",0.865020702213637,0.962583475878643,0.082190979294914,0.895207651209938
"result.3",0.87126416701899,0.991914283033475,0.997300627333808,0.97046901808421
"result.4",0.896951881567766,0.989227302521747,0.90539667529281,0.957303788471227
"result.5",0.857562493198058,0.997300627333808,0.967802663694101,0.986531046244777
"result.6",0.847672953750873,0.997300627333808,0.801544784493864,0.82079740371631
"result.7",-0.00581478511797674,0.970533604874038,-0.0541140096737949,0.877529559280026
"result.8",0.82079740371631,0.962583475878643,0.87126416701899,0.989227302521747
"result.9",0.885082150871958,0.9946053898265,0.922937491259329,0.918222679355639
"result.10",0.918222679355639,0.991914283033475,0.278261388438681,0.281156987601362
"result.11",0.885082150871958,0.991909453467579,0.786127287512121,0.837845748714455
"result.12",-0.0582415424925329,0.9946053898265,-0.0469952808913354,0.862530714882801
"result.13",0.878939324677237,0.967879476411577,0.419370470642231,0.784899637424532
"result.14",0.975810846686371,0.872514216754904,0.284289997117183,0.419537439434765
"result.15",0.830516105823947,0.885082150871958,0.0728388771979297,0.991909453467579
"result.16",0.870012449253593,0.997300090000204,-0.0585912592480724,0.933415613425441
"result.17",0.922937491259329,0.997300627333808,-0.0576183398930424,0.991914283033475
"result.18",0.847672953750873,0.989218722337719,-0.05898913313042,0.82077434421285
"result.19",0.857562493198058,0.989227302521747,0.220885461374811,0.86751461237363
"result.20",0.847672953750873,0.970533604874038,-0.0552134538542255,0.641203227499118
"result.21",0.828272991605763,0.989227302521747,0.833286713517796,0.68229049583251
"result.22",-0.0579869076483327,1,-0.0545110277604608,0.865020702213637
"result.23",-0.0215079489412159,0.983865702668191,0.64857981100257,0.628498735272431
"result.24",0.855084251115176,0.986544443869927,-0.056169753186658,0.84029671943797
"result.25",0.938672716528329,0.949414769449633,-0.0546808478864734,0.875019918789526
"result.26",0.863615636340844,0.997300627333808,0.226039105252443,0.607610303252858
"result.28",0.873819591677261,0.997300627333808,0.220885461374811,0.973138411666821
"result.29",0.887607584624433,0.890136976605389,0.153984195516904,0.936042659682266
"result.30",0.845872312464753,0.946793215942369,0.644006499621933,0.628498735272431
"result.31",0.873819591677261,0.9946053898265,0.480489567515292,0.298796918543238
"result.32",0.84029671943797,0.989218722337719,0.798435863511358,0.973191824569334
"result.35",0.907310261983924,0.978520555033403,-0.0261424667221557,0.863615636340844
"result.36",0.792010399128975,0.981191074518267,0.463954144528712,0.991914283033475
"result.37",0.868711700909967,0.991914283033475,0.0123366000040379,0.902843449845321
"result.38",0.877529559280026,0.997300627333808,0.896951881567766,0.997300627333808
"result.39",0.863615636340844,0.9946053898265,0.938952854574103,0.9177164379462
"result.40",0.862530714882801,0.959941595183354,-0.0500474504075942,0.991914283033475
"result.42",0.875019918789526,0.973191824569334,0.973191824569334,0.835398658712918
"result.43",-0.041737737419055,0.997300627333808,0.551000906966314,0.59729927148666
"result.44",0.855084251115176,0.978520555033403,0.951868235504862,0.143794666001196
"result.46",0.855993678774998,0.989227302521747,0.857562493198058,0.729236909936445
"result.47",0.852609916403462,0.865020702213637,0.936042659682266,0.847672953750873
"result.48",0.862530714882801,0.986544443869927,0.0784741268906634,0.970533604874038
"result.52",0.907953887101422,0.997300627333808,-0.0595226607451014,0.907310261983924
"result.53",0.0171037918530334,0.983865702668191,0.0743098284012409,0.9946032419233
"result.54",0.866162191348951,0.997300627333808,0.931148853504252,0.56689475825291
"result.55",0.813548863270464,0.983865702668191,0.95982181332938,0.684489303219582
"result.56",0.899537003140821,0.997300627333808,-0.0414200111163539,0.915649481371002
"result.57",0.863615636340844,1,0.863615636340844,0.0285620578847797
"result.58",0.878939324677237,1,-0.0441743200498304,0.754480343101473
"result.59",-0.0515302994197379,0.991914283033475,0.395598986290104,0.97046901808421
"result.61",0.806334914643227,0.9946053898265,0.986531046244777,0.91308028606192
"result.62",0.843349322791816,0.981164850045754,-0.0410592951059611,0.91511040578912
"result.63",0.878939324677237,0.962583475878643,0.989227302521747,0.421271382272872
"result.64",0.855084251115176,0.997300627333808,0.0640934048086707,0.837845748714455
"result.65",0.907953887101422,0.986544443869927,0.962583475878643,0.944175715110695
"result.66",0.862530714882801,0.931148853504252,0.583012134873394,0.9946032419233
"result.67",0.828080635436372,0.726964426659934,-0.0511847084452368,0.711160868502127
"result.68",0.870012449253593,0.967879476411577,0.641203227499118,0.217742036945347
"result.69",0.886641163681139,0.9946053898265,0.862530714882801,0.343323899278831
"result.70",0.833286713517796,0.997300627333808,0.875019918789526,0.806334914643227
"result.72",0.922937491259329,0.986544443869927,0.925966330477084,0.933746154151569
"result.73",0.88921438200537,0.978486325393641,-0.0424086902205761,0.9946032419233
"result.74",0.941305786126148,0.962583475878643,-0.030384192971308,0.989218722337719
"result.75",0.876377976892165,0.954670051458196,0.447591358088102,0.63483485321401
"result.78",0.902125105683314,1,0.986544443869927,0.815961194989251
"result.79",0.9177164379462,0.959941595183354,-0.0537568255161093,0.806334914643227
"result.84",0.794388270116443,0.997300627333808,0.55297546009861,0.731513111125714
"result.85",0.86751461237363,0.967879476411577,0.0655237197545733,0.907953887101422
"result.86",0.860044646500855,0.9946053898265,-0.0461685420105588,0.818377373910025
"result.87",0.84029671943797,0.997300627333808,0.923381099786278,0.562900392444345
"result.88",0.878939324677237,0.910515089333411,0.581149701176516,0.865020702213637
"result.90",0.880043142159596,0.967879476411577,0.0738965087269001,0.991914283033475
"result.91",-0.0218692808048272,0.981191074518267,0.959941595183354,0.997300627333808
"result.94",0.850927110194763,0.997300627333808,0.946793215942369,0.959941595183354
"result.95",0.907310261983924,0.936347486447124,-0.0530991214090645,0.720169251261959
"result.96",0.886641163681139,0.931148853504252,0.12277124448264,1
"result.97",0.922937491259329,1,0.255689552145379,0.97585413983835
"result.99",0.850139485224638,0.923381099786278,0.0982036140781501,0.983865702668191
"result.101",-0.0579447134418689,0.986544443869927,0.152839755480313,0.568897178652337
"result.102",0.855084251115176,0.997300627333808,0.909907319911195,0.877529559280026
"result.103",0.860044646500855,1,0.920325465730011,0.792010399128975
"result.104",0.886641163681139,0.9946032419233,-0.0595400684172457,0.447679157452067
"result.106",0.881503637052165,0.91308028606192,0.957167593391497,0.915649481371002
"result.107",0.922937491259329,0.997300627333808,0.910515089333411,0.9177164379462
"result.110",0.885082150871958,0.970533604874038,0.0614836978941877,0.962479063545299
"result.111",0.84029671943797,0.991914283033475,0.843349322791816,0.784899637424532
"result.112",-0.0204454154327093,0.915649481371002,0.828080635436372,0.862530714882801
"result.113",0.838312152129965,0.997300627333808,0.539730499905154,0.983846422906188
"result.115",-0.0433914135529496,0.967879476411577,-0.0524479587239916,0.991909453467579
"result.116",0.853458922150194,0.989227302521747,0.19882593444802,0.904716191270524
"result.118",0.863615636340844,0.9946053898265,0.61455215549222,0.920799884121762
"result.119",0.803379602120475,0.9946053898265,0.891790573059839,0.938952854574103
"result.120",0.857562493198058,0.9946053898265,0.970533604874038,0.941562262726811
"result.121",0.84029671943797,0.9946032419233,0.941562262726811,0.970533604874038
"result.122",0.902843449845321,0.997300627333808,-0.0535601985642354,0.997300090000204
"result.123",0.897748941839012,0.97585413983835,-0.0472906793602474,0.872514216754904
"result.124",0.909907319911195,0.997300627333808,0.861072033896682,0.952040379871496
"result.126",0.704443355762786,0.997300627333808,0.847672953750873,0.930791575601602
"result.128",0.850139485224638,1,-0.0595541123521668,0.91308028606192
"result.129",0.84029671943797,0.997300090000204,0.176312541956784,0.738364055405932
"result.130",0.876377976892165,0.991914283033475,-0.0284076447968431,0.850927110194763
"result.131",0.904716191270524,0.997300627333808,0.965139346258389,0.729236909936445
"result.132",0.902125105683314,0.9946053898265,0.981191074518267,0.815789847535378
"result.133",0.866162191348951,1,0.00902319252728661,0.164422365648697
"result.134",-0.0317444197886581,0.9946053898265,-0.0289901076439861,0.949414769449633
"result.135",0.907953887101422,0.981191074518267,0.80833496737238,0.957303788471227
"result.136",0.88921438200537,0.997300627333808,0.419537439434765,0.944175715110695
"result.137",0.857562493198058,0.991914283033475,0.00707187069335024,0.946793215942369
"result.139",0.853458922150194,0.991914283033475,-0.0594777443944172,0.847672953750873
"result.141",0.886641163681139,0.928555580333093,0.531445903773626,0.706678840354193
"result.142",0.835398658712918,0.959941595183354,0.128437475950327,0.756797662483064
"result.143",0.842751574659332,0.9946053898265,0.855084251115176,0.870012449253593
"result.144",0.0897707416495231,0.997300627333808,0.876377976892165,0.978520555033403
"result.145",-0.0587096660717227,0.997300627333808,0.467522566638657,0.9946053898265
"result.146",0.885082150871958,0.997300627333808,-0.042739426848608,0.949414769449633
"result.147",-0.0279608361885051,0.991914283033475,0.843349322791816,0.997300627333808
"result.149",0.858531382033634,0.997300627333808,-0.0359163326100844,0.95982181332938
"result.150",0.87126416701899,0.997300627333808,0.975810846686371,0.86751461237363
"result.151",0.920325465730011,0.902843449845321,0.68229049583251,0.669174201269189
"result.152",0.876377976892165,0.989227302521747,-0.00523184237000903,0.997300627333808
"result.153",0.808735726755588,0.986544443869927,0.973138411666821,0.862530714882801
"result.155",0.808735726755588,1,-0.0541403913575945,0.273941712482774
"result.156",0.95982181332938,0.991909453467579,0.437452071067387,0.356083180662461
"result.157",0.485915499914195,0.991914283033475,0.0285511563833855,0.794388270116443
"result.158",0.297309452857423,0.978520555033403,0.989227302521747,0.920325465730011
"result.159",0.823270971141658,0.986531046244777,0.311715482975157,0.909907319911195
"result.160",0.885082150871958,0.918222679355639,0.88921438200537,0.997300627333808
"result.161",0.873819591677261,0.9946053898265,0.97046901808421,0.923381099786278
"result.162",0.899537003140821,0.991914283033475,0.9946032419233,0.782536988733443
"result.163",0.857562493198058,0.880043142159596,-0.0587846404313521,0.245868920267656
"result.164",0.86751461237363,0.983865702668191,-0.0592620090282754,0.892670330801438
"result.165",-0.0579447134418689,0.9946053898265,0.143227741762431,0.780178136734636
"result.167",0.896951881567766,0.997300627333808,0.0748059487139937,0.902125105683314
"result.169",0.894369738895069,0.970533604874038,0.443527579630076,0.957303788471227
"result.170",0.806334914643227,0.918222679355639,-0.0579869076483327,0.514141158557979
"result.171",0.460259795269531,0.933746154151569,0.0110020595371018,0.902843449845321
"result.172",-0.0558812213037025,0.997300627333808,0.675715963622551,0.978520555033403
"result.173",0.862530714882801,0.997300090000204,0.97585413983835,0.880043142159596
"result.174",0.0685037410547865,0.997300090000204,0.164422365648697,0.885082150871958
"result.175",0.88921438200537,0.936347486447124,0.978520555033403,0.9946053898265
"result.176",0.800906280404748,0.967802663694101,-0.0531572655315055,0.9946053898265
"result.177",0.840829269991528,0.957303788471227,0.818377373910025,0.615922955499742
"result.178",0.794388270116443,0.97585413983835,0.108553700318603,0.428240298517025
"result.180",0.880043142159596,0.9946032419233,0.9946053898265,0.626393850461827
"result.181",0.877529559280026,0.997300627333808,0.268226372146328,0.669174201269189
"result.182",0.0400130023271393,0.970533604874038,0.0888126192307368,0.941305786126148
"result.183",0.890136976605389,0.991909453467579,0.155131705143412,0.583012134873394
"result.185",0.872514216754904,0.997300090000204,0.157649794881171,0.576941838447099
"result.186",0.759118740237477,0.997300627333808,0.94394187064451,0.887607584624433
"result.187",0.830516105823947,0.902843449845321,-0.0504693852180975,0.890136976605389
"result.189",0.873819591677261,0.997300090000204,0.938672716528329,0.850139485224638
"result.190",0.887607584624433,0.981191074518267,0.704336458253373,0.593199608843073
"result.193",0.907310261983924,0.989227302521747,0.026354144387402,0.583012134873394
"result.194",0.801544784493864,0.997300627333808,0.229487994023351,0.991914283033475
"result.196",0.26680542625012,0.991914283033475,-0.0587096660717227,0.402379763182107
"result.197",0.823270971141658,0.997300627333808,0.463954144528712,0.847672953750873
"result.198",0.857562493198058,0.997300627333808,0.415381815345415,0.861072033896682
"result.200",0.886641163681139,0.97585413983835,0.899537003140821,0.68229049583251
"result.201",0.861072033896682,0.997300627333808,0.887607584624433,0.622194795264483
"result.202",0.808735726755588,0.941562262726811,-0.00405673238981535,0.962583475878643
"result.203",0.835797967279299,0.997300090000204,0.539730499905154,0.780178136734636
"result.204",0.872514216754904,0.997300627333808,0.354922778880253,0.97585413983835
"result.205",0.825770519642183,0.989218722337719,0.368351167719631,0.686691764126868
"result.206",0.858531382033634,0.997300627333808,0.876377976892165,0.885082150871958
"result.207",0.866162191348951,0.965229434852475,0.791042023487251,0.923381099786278
"result.208",0.833286713517796,1,0.892670330801438,0.895207651209938
"result.209",0.902843449845321,0.991909453467579,0.88921438200537,0.591155070070456
"result.210",-0.0242743318690496,0.9946053898265,-0.053918055935366,0.965229434852475
"result.212",0.896951881567766,0.991914283033475,-0.0403579523124561,0.276818334733779
"result.213",0.830516105823947,0.989227302521747,0.938672716528329,0.726964426659934
"result.214",0.91511040578912,0.991914283033475,0.951868235504862,0.686691764126868
"result.215",0.863615636340844,0.997300627333808,0.954516401518829,0.928555580333093
"result.216",0.957167593391497,1,0.828080635436372,0.847672953750873
"result.217",0.845872312464753,0.997300090000204,0.87126416701899,0.923381099786278
"result.218",0.853458922150194,0.973191824569334,0.175565330469072,0.150560081653511
"result.219",0.891790573059839,0.991914283033475,0.970533604874038,0.991914283033475
"result.221",0.855993678774998,0.9946053898265,0.0285620578847797,0.0480275687457807
"result.222",0.904716191270524,0.9946053898265,-0.0541140096737949,0.560908441792469
"result.223",0.895207651209938,0.978520555033403,0.119931031262971,0.94394187064451
"result.224",0.896951881567766,0.997300627333808,-0.0372500864462206,0.970533604874038
"result.225",0.9177164379462,0.991909453467579,-0.00980922061787172,0.965139346258389
"result.227",0.892670330801438,0.997300090000204,0.497113810334635,0.907953887101422
"result.228",0.890136976605389,0.991909453467579,-0.0478706923563476,0.784899637424532
"result.230",0.853458922150194,0.9946032419233,0.928555580333093,0.9946053898265
"result.233",0.902125105683314,0.97585413983835,0.603475269516658,0.941305786126148
"result.234",0.84029671943797,0.981191074518267,0.873819591677261,0.357692655233936
"result.235",0.806334914643227,0.991914283033475,0.322851990757139,0.965229434852475
"result.236",0.865020702213637,0.9946053898265,0.199753913175867,0.792010399128975
"result.238",0.922937491259329,0.763772184612807,-0.05898913313042,0.891790573059839
"result.239",0.872514216754904,0.959941595183354,-0.0592344282261433,0.845210318164767
"result.241",0.892670330801438,0.970533604874038,-0.0583339103803284,0.626393850461827
"result.242",0.933415613425441,0.983865702668191,0.351109991852775,0.954670051458196
"result.243",0.872514216754904,0.978520555033403,0.837845748714455,0.923381099786278
"result.244",0.850139485224638,0.991914283033475,0.973191824569334,0.782536988733443
"result.245",0.989218722337719,0.970533604874038,0.245868920267656,0.229627786769872
"result.246",0.920325465730011,0.965229434852475,0.910515089333411,0.946793215942369
"result.247",0.865020702213637,0.978520555033403,0.858531382033634,0.973138411666821
"result.248",0.91511040578912,0.991914283033475,-0.0467507648537783,0.997300627333808
"result.249",0.880043142159596,0.989227302521747,0.997300627333808,0.895207651209938
"result.250",0.828080635436372,0.989227302521747,0.334083692821349,0.541180166840042
"result.251",0.892670330801438,0.981191074518267,0.94394187064451,0.593199608843073
"result.252",0.876377976892165,0.875019918789526,-0.0347352688482881,0.756797662483064
"result.253",0.850927110194763,0.991914283033475,0.981191074518267,0.576941838447099
"result.254",0.872514216754904,0.991914283033475,0.823270971141658,0.938672716528329
"result.255",-0.0541403913575945,0.997300627333808,-0.0595100765604701,0.928555580333093
"result.258",-0.0595018868897634,0.989227302521747,0.915649481371002,0.989218722337719
"result.259",0.825770519642183,0.973138411666821,0.786127287512121,0.873819591677261
"result.262",0.896951881567766,0.997300627333808,0.0840676608394559,0.713407418516203
"result.263",0.873819591677261,0.9946032419233,0.680095338844038,0.671351152766469
"result.264",0.891790573059839,1,-0.0588882170844262,0.704443355762786
"result.265",0.877529559280026,0.997300090000204,0.930791575601602,0.981191074518267
"result.266",0.860044646500855,0.997300627333808,0.217462822994162,0.609683139004099
"result.267",0.863615636340844,0.954670051458196,0.417374804464765,0.973138411666821
"result.268",0.881503637052165,0.997300090000204,0.169013867485981,0.946580972258474
"result.270",0.894369738895069,0.9946053898265,-0.0441743200498304,0.991914283033475
"result.271",0.823221288101814,0.97585413983835,-0.0256800959062877,0.595247675066508
"result.273",0.938672716528329,0.981191074518267,0.82079740371631,0.818377373910025
"result.275",0.830778388929805,1,0.800906280404748,0.664831190803767
"result.276",0.875019918789526,0.970533604874038,0.289727624827589,0.777823077895255
"result.277",0.853458922150194,0.9946053898265,0.769016776549817,0.843349322791816
"result.278",0.815961194989251,0.997300627333808,0.206108385084916,0.933746154151569
"result.279",0.857562493198058,0.983865702668191,-0.0523127323782534,0.706678840354193
"result.280",0.830516105823947,0.983865702668191,0.0270870665676244,0.936347486447124
"result.281",0.818377373910025,0.983865702668191,0.495100071150877,0.922937491259329
"result.282",0.896951881567766,1,-0.0421304699443147,0.269650472438768
"result.283",0.88921438200537,0.991914283033475,0.773124325612851,0.925552516659161
"result.284",0.783674261316735,0.991914283033475,0.823270971141658,0.630607195403072
"result.285",0.878939324677237,1,0.881503637052165,0.965229434852475
"result.286",0.775471808692348,0.882560671372074,0.959941595183354,0.986544443869927
"result.287",0.870012449253593,0.997300090000204,0.782536988733443,0.628498735272431
"result.288",0.850139485224638,0.997300627333808,0.80833496737238,0.695538205714177
"result.289",0.754480343101473,0.954670051458196,0.882560671372074,0.936347486447124
"result.290",0.887607584624433,0.9946032419233,0.202190846694615,0.973138411666821
"result.292",0.0496669981191191,1,0.876377976892165,0.997300090000204
"result.293",0.878939324677237,0.973191824569334,-0.0499764855612045,0.832955445667821
"result.294",0.882560671372074,0.997300627333808,-0.0374471661269989,0.228294675494907
"result.295",0.897748941839012,0.983846422906188,0.143794666001196,0.986544443869927
"result.296",0.938672716528329,0.97585413983835,0.805855830495389,0.90539667529281
"result.297",0.902125105683314,0.97585413983835,0.97585413983835,0.933746154151569
"result.298",0.855084251115176,0.931148853504252,0.697277976890624,0.91308028606192
"result.299",0.891790573059839,0.9946053898265,0.791042023487251,0.997300627333808
"result.300",0.868711700909967,0.970533604874038,0.0640934048086707,0.94394187064451
"result.301",0.861072033896682,0.989227302521747,0.997300090000204,0.965229434852475
"result.302",0.87126416701899,0.931148853504252,-0.0252146158051064,0.962583475878643
"result.303",0.88921438200537,0.946793215942369,-0.0454642325869586,0.151698384401022
"result.305",0.833286713517796,0.967802663694101,-0.0168267020044791,0.959941595183354
"result.308",0.850927110194763,0.997300090000204,0.793503736874374,0.997300090000204
"result.310",0.88921438200537,0.981191074518267,0.474268521828898,0.892670330801438
"result.311",0.82079740371631,0.989227302521747,0.776332528381369,0.9946053898265
"result.312",0.880043142159596,0.997300627333808,0.991909453467579,0.97585413983835
"result.313",0.873819591677261,0.9946053898265,-0.0517650210886409,0.521797805358982
"result.314",-0.0504693852180975,0.9946032419233,0.835797967279299,0.967802663694101
"result.315",0.949223093149383,0.983865702668191,0.526856307625279,0.962583475878643
"result.317",0.881503637052165,0.981191074518267,0.852609916403462,0.962583475878643
"result.318",0.87126416701899,0.978520555033403,-0.0500474504075942,0.949414769449633
"result.319",0.900294206707569,0.997300627333808,0.868711700909967,0.938952854574103
"result.321",0.909907319911195,0.989227302521747,0.962583475878643,0.811140375080311
"result.322",0.872514216754904,1,0.853458922150194,0.857562493198058
"result.323",0.0480275687457807,0.944175715110695,-0.056169753186658,0.722430600617669
"result.324",0.925552516659161,0.952040379871496,-0.0535156187159818,0.605541014356432
"result.325",0.850139485224638,0.967879476411577,0.885082150871958,0.991914283033475
"result.327",0.818280636970491,1,0.872514216754904,0.873819591677261
"result.328",0.842751574659332,0.9946032419233,-0.0555452139626062,0.823270971141658
"result.329",0.84029671943797,0.90539667529281,0.72804933110734,0.595247675066508
"result.330",0.866162191348951,0.997300090000204,0.0589013624013568,0.0803264683418363
"result.331",0.84839824095036,0.978520555033403,-0.0473202647200267,0.970533604874038
"result.333",0.865020702213637,0.9946053898265,0.789636339064602,0.731513111125714
"result.334",-0.0585087708738868,0.989218722337719,0.818280636970491,0.991914283033475
"result.336",0.897748941839012,0.986544443869927,0.90539667529281,0.419537439434765
"result.337",0.877529559280026,0.997300627333808,0.936347486447124,0.733793033546547
"result.338",0.835398658712918,0.981191074518267,0.933415613425441,0.933746154151569
"result.339",0.885082150871958,0.9946053898265,0.08022001612475,0.865020702213637
"result.340",0.863615636340844,0.97585413983835,-0.0446574009605314,0.978520555033403
"result.341",0.920325465730011,0.897748941839012,0.925966330477084,0.84029671943797
"result.342",0.872514216754904,0.967879476411577,0.262561502294369,0.759118740237477
"result.343",-0.0577719629668921,0.997300627333808,0.978520555033403,0.549029825605162
"result.344",0.838312152129965,0.991914283033475,0.997300627333808,0.825649030770455
"result.345",0.890136976605389,0.983865702668191,0.535329251863932,0.562900392444345
"result.348",0.784899637424532,0.983865702668191,0.866162191348951,0.975810846686371
"result.349",-0.00924782407017782,0.991914283033475,-0.0563177558424016,0.556934991950396
"result.350",0.899537003140821,0.962583475878643,0.34730781587086,0.66050268337393
"result.351",0.890136976605389,1,0.585567402293611,0.897748941839012
"result.352",0.830516105823947,0.97585413983835,-0.0356230206503376,0.525646724744097
"result.353",0.876377976892165,0.997300627333808,0.333890024157939,0.997300627333808
"result.354",0.900294206707569,0.989227302521747,0.941562262726811,0.978520555033403
"result.356",0.872514216754904,0.997300090000204,0.0655237197545733,0.86751461237363
"result.357",0.897748941839012,0.997300627333808,0.862530714882801,0.9946032419233
"result.358",0.770780625153571,0.857562493198058,0.00325192283716057,0.978520555033403
"result.359",0.0110020595371018,0.997300627333808,0.332205126924629,0.392243249684525
"result.363",0.87126416701899,0.997300627333808,0.886641163681139,0.991909453467579
"result.364",0.912507367146226,0.986531046244777,0.933746154151569,0.944175715110695
"result.365",0.82077434421285,0.9946053898265,0.0177970414943211,0.409203233544593
"result.366",-0.0467507648537783,0.991914283033475,0.120983645845695,0.473004991518636
"result.367",0.886641163681139,0.997300627333808,-0.0443456559451959,0.941562262726811
"result.370",0.843349322791816,0.991914283033475,0.495100071150877,0.680095338844038
"result.371",0.868711700909967,0.981191074518267,-0.0467507648537783,0.759118740237477
"result.372",0.855084251115176,0.989227302521747,0.962583475878643,0.852609916403462
"result.373",0.845872312464753,0.997300627333808,0.813548863270464,0.82079740371631
"result.374",0.792010399128975,0.997300627333808,0.915649481371002,0.892670330801438
"result.375",0.885082150871958,0.9946053898265,0.425373539749857,0.952040379871496
"result.376",0.855993678774998,0.997300090000204,-0.0566342888703083,0.997300090000204
"result.377",0.813548863270464,0.9946032419233,0.489634687740069,0.975810846686371
"result.378",0.876377976892165,0.973191824569334,0.0496669981191191,0.967879476411577
"result.380",0.84839824095036,0.991909453467579,0.845872312464753,0.9946032419233
"result.381",0.868711700909967,0.997300627333808,0.975810846686371,0.86751461237363
"result.382",0.837845748714455,0.997300627333808,0.581149701176516,0.482209869935044
"result.384",0.936347486447124,0.997300627333808,0.140051708019304,0.970533604874038
"result.385",0.986531046244777,0.991914283033475,0.863615636340844,0.860044646500855
"result.386",-0.0497878589896264,0.986531046244777,0.954670051458196,0.84029671943797
"result.387",0.928170544060755,0.957303788471227,-0.0497878589896264,0.504647385821581
"result.388",0.909907319911195,0.952040379871496,0.199753913175867,0.870012449253593
"result.389",0.884070916042796,0.997300627333808,0.00902319252728661,0.801544784493864
"result.390",-0.0531572655315055,0.890136976605389,-0.0588562079813191,0.693321099324856
"result.391",0.835797967279299,0.9946053898265,0.986544443869927,0.813301974034369
"result.392",0.896951881567766,0.991914283033475,0.899537003140821,0.699983429471663
"result.394",-0.0581458856482189,0.997300627333808,-0.0589541968456656,0.97585413983835
"result.396",0.909907319911195,0.860044646500855,0.922937491259329,0.973191824569334
"result.397",0.81081701460038,0.997300627333808,0.815961194989251,0.954670051458196
"result.398",0.840829269991528,0.9946032419233,0.156036849186288,0.97046901808421
"result.399",0.852609916403462,1,0.88921438200537,0.630607195403072
"result.400",0.842751574659332,0.997300090000204,0.9946053898265,1
"result.401",-0.0198894112734262,0.989218722337719,0.91511040578912,0.895207651209938
"result.403",0.835797967279299,0.997300627333808,0.228294675494907,0.615922955499742
"result.404",0.876377976892165,0.9946053898265,0.00138332852762892,0.967879476411577
"result.405",-0.0588562079813191,0.970533604874038,-0.0595226607451014,0.952040379871496
"result.406",0.860044646500855,0.981164850045754,0.997300090000204,0.957303788471227
"result.408",0.861072033896682,0.983865702668191,0.975810846686371,0.188511019934286
"result.409",0.823221288101814,0.989227302521747,0.853458922150194,0.938672716528329
"result.410",0.876377976892165,1,-0.0545110277604608,0.6583438607053
"result.411",0.936042659682266,0.938952854574103,0.589996148682327,0.832955445667821
"result.413",-0.0537568255161093,0.997300627333808,-0.0343637276556321,0.954670051458196
"result.414",0.803937935100271,0.997300627333808,0.730436280148634,0.80833496737238
"result.416",0.886641163681139,0.991914283033475,0.896951881567766,0.872514216754904
"result.417",0.922937491259329,0.997300627333808,0.0757184304311197,0.855993678774998
"result.418",0.909907319911195,1,-0.0593474384958,0.933746154151569
"result.419",0.91511040578912,0.997300627333808,0.873819591677261,0.957167593391497
"result.420",-0.0125699711866287,0.997300627333808,0.172284353151608,0.86751461237363
"result.421",0.855084251115176,0.944175715110695,0.514080347970696,0.890136976605389
"result.422",0.881503637052165,0.991914283033475,0.873819591677261,0.910515089333411
"result.423",0.855993678774998,0.997300627333808,0.941305786126148,0.97046901808421
"result.424",0.928170544060755,0.938952854574103,0.82077434421285,0.756797662483064
"result.425",0.882560671372074,0.957303788471227,0.946793215942369,0.989227302521747
"result.426",0.863615636340844,0.9946053898265,0.944175715110695,0.978486325393641
"result.428",0.878939324677237,0.983846422906188,0.104282405330007,0.90539667529281
"result.429",0.868711700909967,0.997300090000204,0.918222679355639,0.907953887101422
"result.431",0.858531382033634,0.983865702668191,0.780178136734636,0.792010399128975
"result.432",0.928170544060755,0.967879476411577,-0.0581881286417867,0.954516401518829
"result.433",0.882560671372074,0.981191074518267,0.106524747456538,0.981191074518267
"result.437",0.81081701460038,0.986531046244777,0.923381099786278,0.975810846686371
"result.439",0.766104558132142,0.970533604874038,0.783674261316735,0.986544443869927
"result.440",0.894369738895069,0.936347486447124,0.86751461237363,0.951868235504862
"result.441",0.865020702213637,0.9946053898265,-0.0594872777417074,0.931148853504252
"result.443",0.858531382033634,0.97585413983835,0.828272991605763,0.868711700909967
"result.444",0.887607584624433,1,0.857562493198058,0.965229434852475
"result.445",0.876377976892165,0.983865702668191,0.764154019060299,0.830516105823947
"result.447",0.975810846686371,0.997300627333808,0.125224645492744,0.36092133257916
"result.448",0.890136976605389,1,-0.0555452139626062,0.673531739192381
"result.449",0.873819591677261,0.991914283033475,-0.0593233012861667,0.677903829141777
"result.450",0.868711700909967,1,0.933746154151569,0.991909453467579
"result.451",0.815789847535378,0.986544443869927,0.858531382033634,0.925966330477084
"result.452",0.789636339064602,0.97046901808421,-0.0523127323782534,0.738364055405932
"result.453",0.835797967279299,0.973191824569334,0.835797967279299,0.591155070070456
"result.454",0.95982181332938,0.952040379871496,0.393635392420147,0.991914283033475
"result.455",-0.0335260088509815,0.91308028606192,-0.0466962832509235,0.84029671943797
"result.456",0.894369738895069,0.944175715110695,0.936042659682266,0.842751574659332
"result.457",-0.0584642757428544,0.97585413983835,0.863615636340844,0.870012449253593
"result.458",0.909907319911195,0.997300627333808,0.74722493365558,0.890136976605389
"result.459",0.912507367146226,0.9946032419233,0.965139346258389,0.842751574659332
"result.460",0.890136976605389,0.983846422906188,0.286099904452657,0.781224127254579
"result.461",0.930791575601602,0.967879476411577,-0.0484363492545682,0.986544443869927
"result.462",0.920325465730011,0.915649481371002,0.920799884121762,0.850139485224638
"result.463",0.887607584624433,0.981191074518267,0.639444375451097,0.628498735272431
"result.464",0.792010399128975,0.9946032419233,0.252161849941116,0.862530714882801
"result.465",-0.059573960821242,0.978520555033403,-0.0372500864462206,0.613839462307465
"result.466",0.904716191270524,1,0.806334914643227,0.729236909936445
"result.468",0.837845748714455,0.973191824569334,0.0775525194194152,0.726964426659934
"result.469",0.865020702213637,0.9946032419233,0.17720975342965,0.989218722337719
"result.470",0.863615636340844,0.97585413983835,0.25745734702129,0.949414769449633
"result.471",0.845872312464753,0.991909453467579,0.830778388929805,0.838312152129965
"result.473",0.861072033896682,0.989227302521747,0.813548863270464,0.86751461237363
"result.474",0.88921438200537,0.986531046244777,-0.052741438793642,0.806334914643227
"result.475",0.907953887101422,0.997300627333808,0.850927110194763,0.981191074518267
"result.476",0.857562493198058,0.997300627333808,-0.0141894066956293,0.357692655233936
"result.477",0.90539667529281,1,-0.0500474504075942,0.773124325612851
"result.478",0.842751574659332,1,0.87126416701899,0.962479063545299
"result.479",0.825649030770455,0.959941595183354,0.881503637052165,0.997300627333808
"result.480",0.902125105683314,0.991909453467579,-0.0275620548838508,1
"result.481",0.860044646500855,0.962583475878643,0.669174201269189,0.910515089333411
"result.482",0.873819591677261,0.989227302521747,0.962583475878643,0.946793215942369
"result.483",0.823270971141658,0.986544443869927,0.293365888833807,0.881503637052165
"result.484",0.838312152129965,0.991914283033475,-0.0378220236253772,1
"result.486",0.857562493198058,0.978520555033403,0.15281882861448,0.258345922688158
"result.487",0.875019918789526,0.991914283033475,-0.0486882706152932,0.556934991950396
"result.488",0.400682127869058,0.967879476411577,0.0597590995844816,0.928170544060755
"result.489",0.799155459201228,0.973191824569334,0.692586482832861,0.946793215942369
"result.490",0.837845748714455,0.997300090000204,0.967802663694101,0.794388270116443
"result.491",0.87126416701899,0.991914283033475,0.986544443869927,0.978486325393641
"result.492",0.90539667529281,0.997300627333808,0.143227741762431,0.551000906966314
"result.494",0.860044646500855,0.910515089333411,0.796769955609645,0.84029671943797
"result.496",0.837845748714455,0.97585413983835,0.997300627333808,0.835398658712918
"result.497",-0.0582415424925329,0.997300627333808,-0.0114749205859116,0.986531046244777
"result.498",0.909907319911195,1,0.890136976605389,0.784899637424532
"result.499",0.833286713517796,0.9946053898265,0.981164850045754,0.476676806175775
"result.500",0.840829269991528,0.9946053898265,0.904716191270524,0.549029825605162
"result.501",0.881503637052165,0.933746154151569,0.922937491259329,0.967802663694101
"result.502",0.862530714882801,0.997300627333808,0.858531382033634,0.907953887101422
"result.503",0.884070916042796,0.991914283033475,0.793503736874374,0.195978424085647
"result.504",0.510333392414964,0.983846422906188,0.997300627333808,0.915649481371002
"result.507",0.895207651209938,0.997300627333808,0.461899365156263,0.983865702668191
"result.508",0.904716191270524,0.997300627333808,0.967802663694101,0.890136976605389
"result.509",0.855084251115176,0.941562262726811,0.485915499914195,0.991909453467579
"result.510",0.249999664060534,0.9946032419233,-0.0592142163462222,0.941305786126148
"result.512",0.784899637424532,0.997300627333808,-0.0592620090282754,0.97585413983835
"result.514",0.808735726755588,0.962583475878643,0.271694396396127,0.850139485224638
"result.515",0.870012449253593,1,0.949223093149383,0.808735726755588
"result.516",0.936042659682266,0.837845748714455,-0.0347352688482881,0.880043142159596
"result.518",0.843349322791816,0.983846422906188,0.435432273766522,0.414355465942254
"result.519",0.87126416701899,0.9946053898265,-0.059564794985015,0.845210318164767
"result.520",0.933415613425441,0.941562262726811,-0.0535601985642354,0.835797967279299
"result.521",0.897748941839012,0.986531046244777,0.278261388438681,0.460259795269531
"result.522",0.896951881567766,0.946793215942369,0.838312152129965,0.978520555033403
"result.523",0.845210318164767,0.97585413983835,0.0464003097001472,0.857562493198058
"result.524",0.946580972258474,1,0.115021558733014,0.997300627333808
"result.525",0.860044646500855,0.965229434852475,-0.0519962027533167,0.920325465730011
"result.527",0.873819591677261,1,-0.0595721187401421,0.68229049583251
"result.528",0.832955445667821,0.986544443869927,-0.0509494730804696,0.965229434852475
"result.529",0.872514216754904,0.997300627333808,0.803379602120475,0.946580972258474
"result.530",0.823270971141658,0.9946053898265,-0.0230729847576351,0.882560671372074
"result.532",0.873819591677261,0.997300627333808,0.881503637052165,0.959941595183354
"result.533",-0.0203890271801295,0.997300627333808,0.876377976892165,0.796769955609645
"result.535",0.855084251115176,0.9946053898265,-0.0433914135529496,0.949414769449633
"result.538",0.881503637052165,0.991914283033475,0.902125105683314,0.892670330801438
"result.539",0.9177164379462,0.989227302521747,0.82077434421285,0.97046901808421
"result.540",0.843349322791816,0.997300627333808,0.747550900993873,0.997300627333808
"result.541",0.949223093149383,0.970533604874038,-0.0530991214090645,0.673531739192381
"result.542",0.840829269991528,0.997300627333808,0.899537003140821,0.872514216754904
"result.544",0.808735726755588,0.9946053898265,0.925552516659161,0.991914283033475
"result.546",0.886641163681139,0.975810846686371,-0.0519962027533167,0.946793215942369
"result.547",0.763772184612807,0.997300627333808,0.344907497195926,0.973138411666821
"result.548",0.918222679355639,0.997300627333808,0.88921438200537,0.962583475878643
"result.549",0.894369738895069,0.9946032419233,0.861072033896682,0.875019918789526
"result.550",0.868711700909967,0.973191824569334,-0.0594777443944172,0.636954056711329
"result.551",0.900294206707569,0.9946032419233,0.215135020458089,0.456648568127797
"result.552",0.0878575406386275,0.97585413983835,0.589996148682327,0.842751574659332
"result.553",0.930791575601602,0.983865702668191,0.00138332852762892,0.983846422906188
"result.554",0.86751461237363,0.997300090000204,0.833286713517796,0.978520555033403
"result.556",0.0926633738766529,0.997300090000204,-0.0575029928573434,0.489634687740069
"result.557",0.853458922150194,0.97046901808421,0.863615636340844,0.97046901808421
"result.558",0.875019918789526,0.997300627333808,0.850927110194763,0.780178136734636
"result.561",0.863615636340844,0.986544443869927,-0.0579869076483327,0.897748941839012
"result.562",0.787266086350679,1,-0.0589541968456656,0.348084380943264
"result.563",0.813548863270464,0.900294206707569,0.238156168642602,0.965229434852475
"result.564",0.862530714882801,0.997300627333808,-0.0141894066956293,0.823221288101814
"result.565",0.84029671943797,0.997300627333808,-0.0125699711866287,0.954670051458196
"result.566",0.858531382033634,0.981191074518267,0.795968349609494,0.97046901808421
"result.567",0.907953887101422,0.9946032419233,-0.0563177558424016,0.94394187064451
"result.569",0.850139485224638,0.9946032419233,-0.0595100765604701,0.989227302521747
"result.572",-0.0593064155670069,0.981191074518267,0.00200312651743466,0.830516105823947
"result.573",0.838312152129965,0.997300627333808,0.122039314129991,0.876377976892165
"result.574",0.978486325393641,0.959941595183354,0.983846422906188,0.823221288101814
"result.577",0.84029671943797,0.965229434852475,-0.0591630349764297,0.967879476411577
"result.579",-0.017859982550918,0.97585413983835,0.215755440594694,0.837845748714455
"result.580",0.894369738895069,0.870012449253593,0.833286713517796,0.208671891896003
"result.582",0.286986190322897,0.954670051458196,-0.0541140096737949,0.94394187064451
"result.583",0.806334914643227,0.925966330477084,-0.0141894066956293,0.936347486447124
"result.584",0.925966330477084,0.997300627333808,0.397565248596213,0.706678840354193
"result.585",0.845872312464753,0.986544443869927,0.863615636340844,0.766104558132142
"result.586",-0.0585494863779403,0.989218722337719,0.306182892764627,0.862530714882801
"result.587",-0.0573843712873493,0.923381099786278,0.258345922688158,0.628498735272431
"result.588",-0.0552134538542255,0.997300627333808,-0.0543064575597706,0.731513111125714
"result.589",0.857562493198058,0.997300627333808,0.381909824898759,0.910515089333411
"result.590",0.855084251115176,0.997300627333808,-0.0589243713439639,0.763772184612807
"result.591",0.878939324677237,0.997300627333808,0.116566239935592,0.949414769449633
"result.592",0.930791575601602,0.991914283033475,0.833286713517796,0.991909453467579
"result.593",0.904716191270524,0.978520555033403,0.798435863511358,0.664831190803767
"result.595",0.811140375080311,1,-0.0339365154311846,0.656188654703285
"result.596",0.91511040578912,0.997300627333808,0.892670330801438,0.973191824569334
"result.597",0.91308028606192,0.936042659682266,0.0338205365589244,0.946793215942369
"result.598",0.858531382033634,0.997300627333808,0.335454283781133,0.967802663694101
"result.599",0.868711700909967,0.997300627333808,0.880043142159596,0.792010399128975
"result.600",0.818280636970491,0.983846422906188,0.805855830495389,0.975810846686371
"result.601",0.885082150871958,0.991914283033475,0.291391388841441,0.272508141320818
"result.602",0.251382854044391,0.991914283033475,0.86751461237363,0.792010399128975
"result.603",0.504647385821581,1,-0.0310230291860374,0.823221288101814
"result.605",0.887607584624433,0.915649481371002,-0.0595400684172457,0.915649481371002
"result.606",0.84029671943797,0.986544443869927,-0.0571373126156659,0.815961194989251
"result.607",0.986531046244777,0.931148853504252,0.88921438200537,0.989227302521747
"result.609",0.902125105683314,0.933746154151569,-0.0141894066956293,0.440563821440679
"result.611",0.813548863270464,0.941562262726811,-0.0400051224277545,0.380566514788577
"result.612",0.870012449253593,0.991914283033475,0.29518897573182,0.770780625153571
"result.613",0.88921438200537,0.978520555033403,0.166775773104314,0.946793215942369
"result.614",-0.0570088795247174,0.997300627333808,0.902125105683314,0.310811342246717
"result.615",0.909907319911195,0.975810846686371,0.876377976892165,0.845210318164767
"result.617",0.0472124178605303,0.978520555033403,-0.0535601985642354,0.885082150871958
"result.618",0.909907319911195,0.938952854574103,0.925552516659161,0.647603937260312
"result.619",-0.0499764855612045,0.983846422906188,-0.0592344282261433,0.251382854044391
"result.620",0.872514216754904,0.997300090000204,0.315417081946806,0.890136976605389
"result.623",0.875019918789526,0.997300627333808,0.872514216754904,0.585042591128512
"result.624",0.938952854574103,0.997300627333808,-0.0476002397144475,0.887607584624433
"result.625",0.855993678774998,0.978520555033403,0.628498735272431,0.789636339064602
"result.626",0.850139485224638,0.962583475878643,0.253924386547188,0.885082150871958
"result.627",0.866162191348951,0.9946053898265,0.641724039855156,0.84029671943797
"result.629",0.855084251115176,0.997300627333808,0.558919975827867,0.263972992581358
"result.630",0.881503637052165,0.997300627333808,0.447591358088102,0.766104558132142
"result.631",0.857562493198058,0.973191824569334,0.907953887101422,0.90539667529281
"result.632",0.907310261983924,0.938952854574103,-0.0595721187401421,0.885082150871958
"result.634",0.9177164379462,0.997300627333808,0.896951881567766,0.377259733329787
"result.635",0.857562493198058,1,0.830778388929805,0.989218722337719
"result.636",-0.0109227696679433,0.97585413983835,0.0234529536887476,0.989218722337719
"result.638",0.777823077895255,0.9946053898265,0.125889510977728,0.835398658712918
"result.639",-0.0208855447057027,0.949414769449633,0.899537003140821,0.997300090000204
"result.640",0.949223093149383,1,-0.0403268717076904,0.887607584624433
"result.641",0.878939324677237,1,-0.0452713786035785,0.412634753195001
"result.642",0.81081701460038,1,-0.0578811521350721,0.860044646500855
"result.644",0.855993678774998,1,-0.053950223712622,0.87126416701899
"result.645",0.891790573059839,0.973191824569334,0.27348586867168,0.949223093149383
"result.646",0.875019918789526,0.997300627333808,0.845210318164767,0.928170544060755
"result.647",0.907310261983924,0.997300627333808,-0.0420747932799248,0.447679157452067
"result.648",0.840829269991528,0.997300627333808,0.951868235504862,0.549029825605162
"result.649",0.896951881567766,0.962583475878643,0.340166383145066,0.882560671372074
"result.650",0.865020702213637,0.952040379871496,0.861072033896682,0.967879476411577
"result.651",0.861072033896682,0.970533604874038,0.783674261316735,0.349677670081007
"result.652",0.896951881567766,0.989227302521747,0.845872312464753,0.954516401518829
"result.653",0.780178136734636,0.887607584624433,0.949223093149383,0.585042591128512
"result.655",0.876377976892165,0.997300627333808,0.891790573059839,0.981191074518267
"result.656",0.861072033896682,0.997300627333808,0.835797967279299,0.815961194989251
"result.657",0.890136976605389,0.959941595183354,-0.0203890271801295,0.983846422906188
"result.661",0.823270971141658,0.9946032419233,-0.0541403913575945,0.654037062356044
"result.662",0.830516105823947,0.997300627333808,0.912507367146226,0.158592657995073
"result.663",0.828080635436372,0.997300090000204,0.991909453467579,0.885082150871958
"result.665",0.842751574659332,0.978520555033403,0.975810846686371,0.86751461237363
"result.667",0.909907319911195,0.957303788471227,0.920799884121762,0.91308028606192
"result.669",0.813548863270464,0.9946053898265,0.234991458793898,0.957303788471227
"result.670",0.899537003140821,0.991914283033475,0.830778388929805,1
"result.671",0.176312541956784,1,0.933746154151569,0.832955445667821
"result.672",0.891790573059839,0.991914283033475,0.840829269991528,0.965229434852475
"result.673",0.876377976892165,0.973191824569334,0.938672716528329,0.279707605619182
"result.675",0.837845748714455,0.925966330477084,-0.0515302994197379,0.761443579799283
"result.676",0.688897881685224,0.997300627333808,0.920325465730011,0.512235564386703
"result.677",0.873819591677261,0.983865702668191,-0.0517650210886409,0.884070916042796
"result.681",-0.0593233012861667,0.997300090000204,-0.0579869076483327,0.989218722337719
"result.683",0.818280636970491,0.967879476411577,0.933415613425441,0.915649481371002
"result.684",0.87126416701899,0.983865702668191,-0.0203890271801295,0.372324030539659
"result.687",0.84029671943797,0.989218722337719,0.0425593767425543,0.97585413983835
"result.688",0.909907319911195,0.973191824569334,0.965139346258389,0.52950940082391
"result.691",0.912507367146226,0.983865702668191,-0.052741438793642,0.9946053898265
"result.692",0.876377976892165,0.991914283033475,-0.0564625017898411,0.938672716528329
"result.693",0.873819591677261,0.986544443869927,0.0975453239672069,0.973191824569334
"result.694",0.853458922150194,0.997300627333808,-0.00811579083054811,0.930791575601602
"result.695",0.815789847535378,0.9946053898265,0.81081701460038,0.301781399453532
"result.696",0.876377976892165,0.9946053898265,0.84029671943797,0.855993678774998
"result.697",0.877529559280026,0.9946032419233,0.840829269991528,0.965139346258389
"result.698",0.912507367146226,0.936347486447124,0.866162191348951,0.866162191348951
"result.699",0.855084251115176,0.983865702668191,0.933415613425441,0.885082150871958
"result.700",0.876377976892165,0.986531046244777,0.343516246087634,0.9946053898265
"result.701",0.928170544060755,0.944175715110695,-0.0595541123521668,0.574925421466442
"result.702",0.910515089333411,0.9946053898265,0.87126416701899,0.925966330477084
"result.703",0.82077434421285,0.97585413983835,-0.0486882706152932,0.97585413983835
"result.704",-0.054691492878204,0.97585413983835,-0.0579447134418689,0.920799884121762
"result.705",0.899537003140821,0.997300627333808,0.0538188100063121,0.897748941839012
"result.706",0.84839824095036,0.989218722337719,-0.0594777443944172,0.84029671943797
"result.707",0.865020702213637,0.951868235504862,0.967879476411577,0.962583475878643
"result.708",-0.0591850116333338,0.997300627333808,0.973138411666821,0.907310261983924
"result.709",0.86751461237363,0.907953887101422,0.130586610576633,0.68229049583251
"result.711",0.95982181332938,0.997300090000204,0.217462822994162,0.842751574659332
"result.712",0.850139485224638,0.991909453467579,0.920799884121762,0.766104558132142
"result.713",0.81081701460038,0.9946053898265,0.165753873783055,0.417806807088908
"result.715",0.111619999032029,0.983865702668191,-0.0417770681880478,0.704443355762786
"result.716",0.858531382033634,0.978520555033403,0.0757834183666657,0.907953887101422
"result.717",-0.0586704502025443,0.9946053898265,0.3464943238674,0.962583475878643
"result.718",0.830516105823947,0.885082150871958,0.87126416701899,0.959941595183354
"result.719",0.928170544060755,1,0.91308028606192,0.86751461237363
"result.720",0.837845748714455,0.991914283033475,0.978520555033403,0.97046901808421
"result.722",0.881503637052165,0.997300627333808,0.0300492429239975,0.72469565798692
"result.723",0.857562493198058,0.981191074518267,0.811140375080311,0.736076680527307
"result.725",0.845872312464753,0.997300627333808,0.853458922150194,0.626393850461827
"result.726",0.881503637052165,1,0.624292538084981,0.416079483250439
"result.727",0.881503637052165,0.897748941839012,-0.057262477203345,0.936347486447124
"result.728",0.818377373910025,0.997300627333808,-0.0242743318690496,0.370685314299639
"result.729",-0.0406949165199441,0.973191824569334,0.324717327343854,0.855084251115176
"result.730",0.261153161374734,0.991914283033475,0.915649481371002,0.777823077895255
"result.731",0.244498277166039,0.933746154151569,0.88921438200537,1
"result.732",0.878939324677237,0.944175715110695,0.915649481371002,0.957303788471227
"result.734",0.853458922150194,0.973191824569334,-0.0507110314499713,0.907310261983924
"result.735",0.818377373910025,0.997300627333808,0.954516401518829,0.965229434852475
"result.737",0.884070916042796,0.997300627333808,0.975810846686371,0.865020702213637
"result.738",0.904716191270524,0.967879476411577,0.147163577252946,0.954670051458196
"result.739",0.850927110194763,1,-0.0552134538542255,0.815961194989251
"result.741",0.86751461237363,0.983865702668191,0.915649481371002,0.747550900993873
"result.743",0.890136976605389,0.991914283033475,0.0136833723284981,0.902843449845321
"result.744",0.925966330477084,0.973138411666821,0.393635392420147,0.9946053898265
"result.745",0.885082150871958,0.997300090000204,-0.0314480049944584,0.249999664060534
"result.746",0.873819591677261,0.991909453467579,0.941305786126148,0.740655161529953
"result.747",0.835398658712918,1,0.372211767039629,0.959941595183354
"result.748",0.892670330801438,0.946793215942369,-0.0069714425069553,0.944175715110695
"result.749",0.886641163681139,0.997300090000204,0.144819695601842,0.986544443869927
"result.751",0.825649030770455,0.997300627333808,-0.0563434669063006,0.95982181332938
"result.752",0.843349322791816,0.989218722337719,0.784899637424532,0.989218722337719
"result.753",0.875019918789526,0.997300627333808,0.938672716528329,0.973191824569334
"result.754",0.899537003140821,0.9946053898265,0.922937491259329,0.599354400858105
"result.756",0.855084251115176,0.978520555033403,-0.0591084623634217,0.991914283033475
"result.757",0.837845748714455,0.97585413983835,0.795968349609494,0.952040379871496
"result.759",0.866162191348951,0.997300627333808,0.881503637052165,0.618010006827159
"result.760",0.878939324677237,0.991909453467579,-0.0520935536337965,0.957303788471227
"result.761",0.861072033896682,0.989227302521747,0.912507367146226,0.951868235504862
"result.763",0.230964019659895,0.997300627333808,0.151213753951476,0.0300492429239975
"result.764",0.868711700909967,0.959941595183354,0.933415613425441,0.87126416701899
"result.765",0.84839824095036,1,0.938672716528329,0.539226406134156
"result.766",0.866162191348951,0.997300627333808,-0.0535156187159818,0.578961761222456
"result.767",0.823270971141658,0.991909453467579,-0.0593474384958,0.965229434852475
"result.768",0.870012449253593,0.997300090000204,0.94394187064451,0.407492422741423
"result.770",0.108553700318603,1,0.828272991605763,0.989227302521747
"result.771",0.845872312464753,0.954670051458196,0.855993678774998,0.928555580333093
"result.772",0.842751574659332,0.991914283033475,0.030797407285019,0.770780625153571
"result.776",0.902843449845321,0.989218722337719,-0.0590168683788036,0.91308028606192
"result.777",0.876377976892165,0.989218722337719,0.949223093149383,0.815961194989251
"result.778",0.84839824095036,0.997300627333808,0.907310261983924,0.986531046244777
"result.779",-0.0275109130067225,0.973191824569334,0.0955834080844601,0.382224804799513
"result.780",0.887607584624433,0.9946053898265,-0.0374471661269989,0.954516401518829
"result.781",0.90539667529281,0.946580972258474,-0.0495247017817822,0.983846422906188
"result.782",-0.0585494863779403,0.986544443869927,0.793503736874374,0.478517779613623
"result.783",0.866162191348951,0.991914283033475,-0.0577719629668921,0.680095338844038
"result.785",0.957167593391497,0.962583475878643,0.946580972258474,0.94394187064451
"result.786",0.808735726755588,0.997300627333808,0.981164850045754,0.962583475878643
"result.787",-0.0157810536131466,1,-0.0469952808913354,0.852609916403462
"result.788",0.885082150871958,0.981191074518267,0.895207651209938,0.768440703821169
"result.789",-0.0481506321017605,0.965229434852475,0.19045955967601,0.388890669178663
"result.790",0.928170544060755,0.938952854574103,0.0728388771979297,0.890136976605389
"result.791",0.863615636340844,0.997300627333808,0.0966904955106297,0.989218722337719
"result.792",-0.0535156187159818,0.97585413983835,0.920325465730011,0.910515089333411
"result.793",0.837845748714455,0.907953887101422,0.0110020595371018,0.946580972258474
"result.794",-0.0528855925152303,0.991909453467579,0.872514216754904,0.962583475878643
"result.795",0.88921438200537,0.989227302521747,-0.043842774857527,0.991914283033475
"result.796",0.872514216754904,0.936347486447124,0.815789847535378,0.688897881685224
"result.799",0.890136976605389,0.991909453467579,0.11966348679316,0.915649481371002
"result.800",0.763772184612807,0.997300627333808,-0.0322885850499366,0.855084251115176
"result.802",0.828080635436372,0.997300627333808,0.978520555033403,0.398987781640277
"result.803",0.894369738895069,0.997300090000204,0.87126416701899,0.815961194989251
"result.805",0.894369738895069,0.997300627333808,0.941305786126148,0.959941595183354
"result.807",-0.0403579523124561,0.9946053898265,0.853458922150194,0.263972992581358
"result.808",0.868711700909967,0.997300090000204,0.15281882861448,1
"result.809",0.922937491259329,0.978520555033403,0.967802663694101,0.858531382033634
"result.811",0.884070916042796,0.983865702668191,0.639076847162758,0.451256876914509
"result.812",0.876377976892165,0.9946053898265,0.813301974034369,0.936347486447124
"result.813",0.895207651209938,1,0.850927110194763,0.902843449845321
"result.814",0.847672953750873,0.997300090000204,-0.0583339103803284,0.780178136734636
"result.815",0.922937491259329,0.9946053898265,0.397565248596213,0.793503736874374
"result.816",0.94394187064451,0.991909453467579,-0.0582835995592012,0.981164850045754
"result.817",0.863615636340844,0.997300627333808,-0.0228406118714342,0.872514216754904
"result.818",0.862530714882801,0.989227302521747,0.435432273766522,0.747550900993873
"result.820",0.857562493198058,1,-0.0509494730804696,0.938952854574103
"result.821",0.892670330801438,0.991914283033475,0.886641163681139,0.887607584624433
"result.822",0.789636339064602,0.923381099786278,0.833286713517796,0.82079740371631
"result.823",0.904716191270524,0.981191074518267,-0.0519962027533167,0.910515089333411
"result.824",0.850927110194763,0.997300627333808,0.885082150871958,0.763772184612807
"result.825",0.857562493198058,1,-0.0275109130067225,0.933415613425441
"result.826",0.873819591677261,1,0.892670330801438,0.978520555033403
"result.827",0.912507367146226,0.897748941839012,0.86751461237363,0.885082150871958
"result.828",0.835797967279299,0.973138411666821,0.699627970394812,0.967879476411577
"result.831",0.865020702213637,0.978520555033403,0.878939324677237,0.69110765903476
"result.832",0.818377373910025,0.991914283033475,0.860044646500855,0.801544784493864
"result.835",0.855084251115176,0.95982181332938,0.9177164379462,0.693321099324856
"result.836",0.845872312464753,0.997300627333808,0.269905556254361,0.957303788471227
"result.837",0.873819591677261,0.978520555033403,-0.059362753254475,0.745248580952345
"result.838",0.792010399128975,0.9946053898265,-0.0595541123521668,0.699983429471663
"result.839",0.855084251115176,0.986531046244777,-0.0589243713439639,0.973191824569334
"result.840",0.881503637052165,0.9946053898265,0.687906302245554,1
"result.841",0.805855830495389,0.981164850045754,0.965139346258389,0.997300627333808
"result.845",0.930791575601602,0.920799884121762,0.989218722337719,0.946793215942369
"result.846",0.835797967279299,0.997300627333808,0.0975453239672069,0.928170544060755
"result.847",0.828080635436372,0.910515089333411,-0.0125699711866287,0.997300090000204
"result.848",0.907953887101422,0.991914283033475,0.175565330469072,0.887607584624433
"result.849",0.858531382033634,0.9946053898265,0.902125105683314,0.920799884121762
"result.850",0.870012449253593,0.997300627333808,0.354922778880253,0.86751461237363
"result.851",0.857562493198058,0.991914283033475,-0.0363037489951852,0.847672953750873
"result.852",0.847672953750873,0.986544443869927,0.922937491259329,0.811140375080311
"result.854",0.799155459201228,0.936347486447124,0.771452476655403,0.9946032419233
"result.855",0.850139485224638,0.991914283033475,0.222600717663132,0.823221288101814
"result.856",0.825649030770455,0.981191074518267,0.90539667529281,0.952040379871496
"result.857",0.796769955609645,0.986544443869927,0.907953887101422,0.983846422906188
"result.858",-0.0541403913575945,0.997300090000204,0.967879476411577,0.830516105823947
"result.859",0.895207651209938,0.997300627333808,0.10733758632179,0.981164850045754
"result.860",0.861072033896682,0.997300627333808,0.217742036945347,0.877529559280026
"result.861",0.891790573059839,0.997300090000204,-0.00523184237000903,0.933746154151569
"result.862",0.830516105823947,0.986531046244777,-0.0570445665497905,0.773124325612851
"result.863",0.852609916403462,0.989227302521747,-0.0566039890877525,0.973138411666821
"result.865",0.861072033896682,1,0.321491641385222,0.315369417348253
"result.867",0.847672953750873,0.997300090000204,-0.0392007032013093,0.941562262726811
"result.868",-0.0560387753789771,0.997300627333808,0.792010399128975,0.811140375080311
"result.870",0.830778388929805,0.986531046244777,-0.0595295378385668,0.84839824095036
"result.871",0.861072033896682,0.989227302521747,-0.0594316767421514,0.615922955499742
"result.872",0.884070916042796,0.949414769449633,0.711160868502127,0.747550900993873
"result.873",0.823221288101814,0.991914283033475,0.326585308721491,0.991914283033475
"result.874",0.933415613425441,0.952040379871496,0.634893427007522,0.931148853504252
"result.875",0.865020702213637,0.95982181332938,0.951868235504862,0.962583475878643
"result.876",0.865020702213637,0.991909453467579,0.329216543412872,0.991909453467579
"result.877",0.925552516659161,1,0.920325465730011,0.632719233748913
"result.878",0.890136976605389,0.997300627333808,-0.0514167358706109,0.962583475878643
"result.879",0.861072033896682,0.997300090000204,0.280678086185491,0.997300090000204
"result.880",0.84839824095036,0.997300627333808,0.900294206707569,0.708918010192616
"result.881",0.857562493198058,0.957303788471227,-0.0497878589896264,0.962479063545299
"result.882",0.877529559280026,0.997300627333808,0.9177164379462,0.978486325393641
"result.884",0.875019918789526,0.989227302521747,0.938672716528329,0.830516105823947
"result.885",0.852609916403462,0.986544443869927,-0.0519962027533167,0.997300090000204
"result.886",0.884070916042796,0.959941595183354,0.0256242716518627,0.535329251863932
"result.887",0.847672953750873,0.997300627333808,0.928170544060755,0.813548863270464
"result.888",0.847672953750873,0.9946053898265,-0.0595541123521668,0.989227302521747
"result.889",0.909907319911195,0.938952854574103,0.00771924982183196,0.949223093149383
"result.890",0.866162191348951,0.997300627333808,0.116566239935592,0.9946032419233
"result.891",0.0234529536887476,0.997300627333808,-0.0595721187401421,0.986544443869927
"result.894",0.890136976605389,0.997300090000204,0.861072033896682,0.770780625153571
"result.895",0.896951881567766,0.991914283033475,0.952040379871496,0.991914283033475
"result.897",0.861072033896682,1,0.954516401518829,0.792010399128975
"result.898",0.855993678774998,0.997300090000204,0.207257890950486,0.900294206707569
"result.899",0.870012449253593,0.989218722337719,0.370280137788169,0.847672953750873
"result.900",0.805855830495389,0.925966330477084,0.771452476655403,0.957167593391497
"result.901",0.91308028606192,0.997300627333808,0.983865702668191,0.882560671372074
"result.904",0.91511040578912,0.959941595183354,0.618010006827159,0.656188654703285
"result.905",0.806334914643227,0.959941595183354,0.669298466548193,0.713787481982156
"result.907",-0.0441743200498304,0.991909453467579,-0.0548687201640696,0.348084380943264
"result.908",0.828080635436372,0.997300627333808,0.91308028606192,0.870012449253593
"result.909",0.838312152129965,0.970533604874038,0.0198951138152865,0.997300627333808
"result.910",0.904716191270524,0.965229434852475,0.673933517043571,0.799155459201228
"result.912",0.891790573059839,0.983865702668191,0.923381099786278,0.899537003140821
"result.913",0.920325465730011,0.9946053898265,0.0513185967504296,0.991914283033475
"result.914",0.858531382033634,0.981191074518267,0.813301974034369,0.989227302521747
"result.917",0.847672953750873,0.997300627333808,0.991914283033475,0.872514216754904
"result.919",0.91511040578912,0.997300627333808,0.528995178028288,0.981191074518267
"result.922",-0.0595400684172457,0.997300627333808,0.197147413247771,0.925966330477084
"result.926",0.941305786126148,0.989227302521747,0.00578629968541851,0.907310261983924
"result.927",0.861072033896682,0.991914283033475,0.366424856164443,0.107537699484409
"result.928",0.84029671943797,0.9946053898265,0.887607584624433,0.697758981370687
"result.929",0.787266086350679,0.97585413983835,-0.0577719629668921,0.576941838447099
"result.930",0.866162191348951,0.880043142159596,0.852609916403462,0.920799884121762
"result.931",0.86751461237363,0.967879476411577,0.366424856164443,0.857562493198058
"result.932",0.873819591677261,0.975810846686371,0.818280636970491,0.946580972258474
"result.933",0.818377373910025,0.825649030770455,0.952040379871496,0.944175715110695
"result.934",0.88921438200537,0.962583475878643,0.850927110194763,0.620100619131779
"result.935",0.837845748714455,0.983865702668191,0.855993678774998,0.991909453467579
"result.938",0.909907319911195,0.9946053898265,0.88921438200537,0.978520555033403
"result.939",0.825649030770455,0.991914283033475,-0.0543273266453026,0.94394187064451
"result.940",0.922937491259329,0.938952854574103,0.220885461374811,0.910515089333411
"result.941",0.938672716528329,0.991914283033475,0.156036849186288,0.84029671943797
"result.943",0.852609916403462,0.967879476411577,0.983846422906188,0.747550900993873
"result.944",0.830516105823947,0.986531046244777,0.495238930548121,0.842751574659332
"result.945",0.925552516659161,0.949414769449633,0.870012449253593,0.978520555033403
"result.946",0.823221288101814,0.9946053898265,0.850139485224638,0.832955445667821
"result.948",0.896951881567766,0.9946053898265,0.243130767885293,0.333890024157939
"result.951",0.88921438200537,0.9946032419233,0.828272991605763,0.986531046244777
"result.953",0.876377976892165,0.997300627333808,-0.0270578763258192,0.412634753195001
"result.954",-0.0497878589896264,0.997300090000204,0.125889510977728,0.7352187423947
"result.955",0.925552516659161,0.9946053898265,-0.0595541123521668,0.941562262726811
"result.956",0.88921438200537,0.997300090000204,0.891790573059839,0.9946053898265
"result.957",0.909907319911195,0.997300090000204,0.747550900993873,0.918222679355639
"result.958",0.933746154151569,0.9946053898265,0.19045955967601,0.717911606639064
"result.959",0.877529559280026,0.991914283033475,0.372211767039629,0.882560671372074
"result.961",0.907310261983924,0.997300627333808,-0.0198894112734262,0.823221288101814
"result.962",0.885082150871958,0.933746154151569,0.840829269991528,0.936347486447124
"result.963",0.884070916042796,0.997300627333808,-0.0573843712873493,0.388890669178663
"result.966",0.865020702213637,0.989218722337719,0.693321099324856,0.794388270116443
"result.967",0.885082150871958,0.978486325393641,-0.0548687201640696,0.720169251261959
"result.968",0.855993678774998,0.991909453467579,0.789636339064602,0.768440703821169
"result.969",0.858531382033634,0.991914283033475,0.868711700909967,0.891790573059839
"result.970",0.039228286426699,0.946793215942369,0.981164850045754,0.986544443869927
"result.971",0.845872312464753,0.997300627333808,0.965139346258389,0.997300627333808
"result.972",0.847672953750873,0.983865702668191,0.773891060011044,0.801544784493864
"result.974",0.890136976605389,1,0.967879476411577,0.75216677866787
"result.975",0.835797967279299,0.997300627333808,-0.0558812213037025,0.667000881634066
"result.976",0.870012449253593,0.997300627333808,-0.0545110277604608,0.9177164379462
"result.978",0.930791575601602,0.941562262726811,-0.0395797687333664,0.90539667529281
"result.979",0.878939324677237,0.965229434852475,0.208952152990381,0.319956281848428
"result.980",0.873819591677261,0.9946032419233,-0.0567422157850948,0.74985696576714
"result.981",0.863615636340844,0.983846422906188,0.938952854574103,0.463884455633319
"result.982",0.928170544060755,0.860044646500855,0.989218722337719,0.962583475878643
"result.983",0.853458922150194,0.997300627333808,0.806334914643227,0.865020702213637
"result.984",0.873819591677261,0.9946053898265,-0.052741438793642,0.897748941839012
"result.985",0.837845748714455,0.997300627333808,-0.0457776611398604,0.997300090000204
"result.986",0.873819591677261,0.825649030770455,0.732826083356741,0.936347486447124
"result.987",0.875019918789526,0.941562262726811,0.860044646500855,1
"result.988",0.88921438200537,0.9946053898265,0.881503637052165,0.920325465730011
"result.989",0.907310261983924,0.986544443869927,0.372324030539659,0.630607195403072
"result.990",0.922937491259329,0.989227302521747,-0.0524479587239916,0.97585413983835
"result.993",0.840829269991528,0.997300627333808,-0.0449659756678581,0.72469565798692
"result.994",0.923381099786278,0.9946032419233,0.29518897573182,0.885082150871958
"result.995",0.97046901808421,0.997300627333808,0.983846422906188,0.0720867536223462
"result.996",0.860044646500855,0.997300627333808,-0.0520935536337965,0.615922955499742
"result.997",0.87126416701899,0.997300090000204,0.411403865032204,0.766104558132142
"result.998",0.794388270116443,0.997300627333808,0.818280636970491,0.722430600617669
"result.999",0.878939324677237,1,-0.0351320913054733,0.97585413983835
"result.1000",0.842751574659332,0.997300627333808,0.845210318164767,0.923381099786278
